combination,seq_recovery,count,percentage,PD1_volume,PD2_hydro,PD3_charge,changes,num_changes,32,57,101,102,104,106,107,109,166,168,169,170,188,191,192,229,230,231,232,234
YSSIHWVRQAPGKGLEWVASISSYSGSTYYADSVKGRFTISADTSKNTAYLQMNSLRAEDTAVYYCARGGDVPVGWYALDYWGQGTLVTVSSXXXXXXXXXXXXXXXXDIQMTQSPSSLSASVGDRVTITCRASQSVYYAVAWYQQKPGKAPKLLIYRASDRYSGVPSRFSGSRSGTDFTLTISSLQPEDFATYYCQQYYSYPLT,1,0,0,-0.4653,-0.0421,2.5650,[],0,,,,,,,,,,,,,,,,,,,,
YSSIHWVRQAPGKGLEWVASISSYSGSTYYADSVKGRFTISADTSKNTAYLQMNSLRAEDTAVYYCARGGSRPWGCYALDYWGQGTLVTVSSXXXXXXXXXXXXXXXXDIQMTQSPSSLSASVGDRVTITCRASQDVFTAVAWYQQKPGKAPKLLIYFASFLYSGVPSRFSGSRSGTDFTLTISSLQPEDFATYYCQQYSIVPVT,0.7742,1,10.0%,-0.5062,-0.0769,2.4310,"[('D', 101, 'S'), ('V', 102, 'R'), ('V', 104, 'W'), ('W', 106, 'C'), ('S', 166, 'D'), ('Y', 168, 'F'), ('Y', 169, 'T'), ('R', 188, 'F'), ('D', 191, 'F'), ('R', 192, 'L'), ('Y', 230, 'S'), ('S', 231, 'I'), ('Y', 232, 'V'), ('L', 234, 'V')]",14,,,S,R,W,C,,,D,F,T,,F,F,L,,S,I,V,V
YSSIHWVRQAPGKGLEWVASISSYSGSTYYADSVKGRFTISADTSKNTAYLQMNSLRAEDTAVYYCARGGWYPWGNYALDYWGQGTLVTVSSXXXXXXXXXXXXXXXXDIQMTQSPSSLSASVGDRVTITCRASQDVNTAVAWYQQKPGKAPKLLIYEASFRYSGVPSRFSGSRSGTDFTLTISSLQPEDFATYYCQQHYEVPIT,0.7903,1,10.0%,-0.4618,-0.0299,0.6110,"[('D', 101, 'W'), ('V', 102, 'Y'), ('V', 104, 'W'), ('W', 106, 'N'), ('S', 166, 'D'), ('Y', 168, 'N'), ('Y', 169, 'T'), ('R', 188, 'E'), ('D', 191, 'F'), ('Y', 229, 'H'), ('S', 231, 'E'), ('Y', 232, 'V'), ('L', 234, 'I')]",13,,,W,Y,W,N,,,D,N,T,,E,F,/,H,/,E,V,I
YSSIHWVRQAPGKGLEWVASISSYSGSTYYADSVKGRFTISADTSKNTAYLQMNSLRAEDTAVYYCARGGYRPIGNYALDYWGQGTLVTVSSXXXXXXXXXXXXXXXXDIQMTQSPSSLSASVGDRVTITCRASQDVDSAVAWYQQKPGKAPKLLIYYASFLYSGVPSRFSGSRSGTDFTLTISSLQPEDFATYYCQQHYVVPVT,0.7742,1,10.0%,-0.5023,-0.0581,1.6076,"[('D', 101, 'Y'), ('V', 102, 'R'), ('V', 104, 'I'), ('W', 106, 'N'), ('S', 166, 'D'), ('Y', 168, 'D'), ('Y', 169, 'S'), ('R', 188, 'Y'), ('D', 191, 'F'), ('R', 192, 'L'), ('Y', 229, 'H'), ('S', 231, 'V'), ('Y', 232, 'V'), ('L', 234, 'V')]",14,,,Y,R,I,N,,,D,D,S,,Y,F,L,H,/,V,V,V
YSSIHWVRQAPGKGLEWVASISSYSGYTYYADSVKGRFTISADTSKNTAYLQMNSLRAEDTAVYYCARGGDRPVGCYALDYWGQGTLVTVSSXXXXXXXXXXXXXXXXDIQMTQSPSSLSASVGDRVTITCRASQDVTSAVAWYQQKPGKAPKLLIYSASFRYSGVPSRFSGSRSGTDFTLTISSLQPEDFATYYCQQHYVVPVT,0.8065,1,10.0%,-0.5239,-0.0455,2.4674,"[('S', 57, 'Y'), ('V', 102, 'R'), ('W', 106, 'C'), ('S', 166, 'D'), ('Y', 168, 'T'), ('Y', 169, 'S'), ('R', 188, 'S'), ('D', 191, 'F'), ('Y', 229, 'H'), ('S', 231, 'V'), ('Y', 232, 'V'), ('L', 234, 'V')]",12,,Y,/,R,/,C,,,D,T,S,,S,F,/,H,/,V,V,V
YSSIHWVRQAPGKGLEWVASISSYSGYTYYADSVKGRFTISADTSKNTAYLQMNSLRAEDTAVYYCARGGSLPTGCYALDYWGQGTLVTVSSXXXXXXXXXXXXXXXXDIQMTQSPSSLSASVGDRVTITCRASQDVDSAVAWYQQKPGKAPKLLIYFASSLYSGVPSRFSGSRSGTDFTLTISSLQPEDFATYYCQQHYDAPIT,0.7581,1,10.0%,-0.5573,-0.0508,-0.5324,"[('S', 57, 'Y'), ('D', 101, 'S'), ('V', 102, 'L'), ('V', 104, 'T'), ('W', 106, 'C'), ('S', 166, 'D'), ('Y', 168, 'D'), ('Y', 169, 'S'), ('R', 188, 'F'), ('D', 191, 'S'), ('R', 192, 'L'), ('Y', 229, 'H'), ('S', 231, 'D'), ('Y', 232, 'A'), ('L', 234, 'I')]",15,,Y,S,L,T,C,,,D,D,S,,F,S,L,H,/,D,A,I
YSSIHWVRQAPGKGLEWVASISSYSGYTYYADSVKGRFTISADTSKNTAYLQMNSLRAEDTAVYYCARGGWRPFGCYALDYWGQGTLVTVSSXXXXXXXXXXXXXXXXDIQMTQSPSSLSASVGDRVTITCRASQDVFSAVAWYQQKPGKAPKLLIYSASFLYSGVPSRFSGSRSGTDFTLTISSLQPEDFATYYCQQHYIYPVT,0.7742,1,10.0%,-0.4549,-0.0700,2.4651,"[('S', 57, 'Y'), ('D', 101, 'W'), ('V', 102, 'R'), ('V', 104, 'F'), ('W', 106, 'C'), ('S', 166, 'D'), ('Y', 168, 'F'), ('Y', 169, 'S'), ('R', 188, 'S'), ('D', 191, 'F'), ('R', 192, 'L'), ('Y', 229, 'H'), ('S', 231, 'I'), ('L', 234, 'V')]",14,,Y,W,R,F,C,,,D,F,S,,S,F,L,H,/,I,/,V
YSSIHWVRQAPGKGLEWVASISSYSGYTYYADSVKGRFTISADTSKNTAYLQMNSLRAEDTAVYYCARGGWRPIGSYALDYWGQGTLVTVSSXXXXXXXXXXXXXXXXDIQMTQSPSSLSASVGDRVTITCRASQDVFSAVAWYQQKPGKAPKLLIYYASFLYSGVPSRFSGSRSGTDFTLTISSLQPEDFATYYCQQHSVVPIT,0.7419,1,10.0%,-0.4821,-0.0735,2.6095,"[('S', 57, 'Y'), ('D', 101, 'W'), ('V', 102, 'R'), ('V', 104, 'I'), ('W', 106, 'S'), ('S', 166, 'D'), ('Y', 168, 'F'), ('Y', 169, 'S'), ('R', 188, 'Y'), ('D', 191, 'F'), ('R', 192, 'L'), ('Y', 229, 'H'), ('Y', 230, 'S'), ('S', 231, 'V'), ('Y', 232, 'V'), ('L', 234, 'I')]",16,,Y,W,R,I,S,,,D,F,S,,Y,F,L,H,S,V,V,I
YSSIHWVRQAPGKGLEWVASISSYSGYTYYADSVKGRFTISADTSKNTAYLQMNSLRAEDTAVYYCARGGWYPLGCYAMDYWGQGTLVTVSSXXXXXXXXXXXXXXXXDIQMTQSPSSLSASVGDRVTITCRASQDVLSDVAWYQQKPGKAPKLLIYYASFRYSGVPSRFSGSRSGTDFTLTISSLQPEDFATYYCQQHYVVPVT,0.7419,1,10.0%,-0.4463,-0.0603,1.4631,"[('S', 57, 'Y'), ('D', 101, 'W'), ('V', 102, 'Y'), ('V', 104, 'L'), ('W', 106, 'C'), ('L', 109, 'M'), ('S', 166, 'D'), ('Y', 168, 'L'), ('Y', 169, 'S'), ('A', 170, 'D'), ('R', 188, 'Y'), ('D', 191, 'F'), ('Y', 229, 'H'), ('S', 231, 'V'), ('Y', 232, 'V'), ('L', 234, 'V')]",16,,Y,W,Y,L,C,,M,D,L,S,D,Y,F,/,H,/,V,V,V
YSSIHWVRQAPGKGLEWVASISSYSGYTYYADSVKGRFTISADTSKNTAYLQMNSLRAEDTAVYYCARGGWYPWGCDALDYWGQGTLVTVSSXXXXXXXXXXXXXXXXDIQMTQSPSSLSASVGDRVTITCRASQDVDSAVAWYQQKPGKAPKLLIYFASFLYSGVPSRFSGSRSGTDFTLTISSLQPEDFATYYCQQHYDVPIT,0.7419,1,10.0%,-0.4720,-0.0531,-1.5323,"[('S', 57, 'Y'), ('D', 101, 'W'), ('V', 102, 'Y'), ('V', 104, 'W'), ('W', 106, 'C'), ('Y', 107, 'D'), ('S', 166, 'D'), ('Y', 168, 'D'), ('Y', 169, 'S'), ('R', 188, 'F'), ('D', 191, 'F'), ('R', 192, 'L'), ('Y', 229, 'H'), ('S', 231, 'D'), ('Y', 232, 'V'), ('L', 234, 'I')]",16,,Y,W,Y,W,C,D,/,D,D,S,/,F,F,L,H,/,D,V,I
YYSIHWVRQAPGKGLEWVASISSYSGYTYYADSVKGRFTISADTSKNTAYLQMNSLRAEDTAVYYCARGGDRPSGCYALDYWGQGTLVTVSSXXXXXXXXXXXXXXXXDIQMTQSPSSLSASVGDRVTITCRASQDVFSAVAWYQQKPGKAPKLLIYFASFLYSGVPSRFSGSRSGTDFTLTISSLQPEDFATYYCQQHYEVPIT,0.7581,1,10.0%,-0.4680,-0.0588,0.4660,"[('S', 32, 'Y'), ('S', 57, 'Y'), ('V', 102, 'R'), ('V', 104, 'S'), ('W', 106, 'C'), ('S', 166, 'D'), ('Y', 168, 'F'), ('Y', 169, 'S'), ('R', 188, 'F'), ('D', 191, 'F'), ('R', 192, 'L'), ('Y', 229, 'H'), ('S', 231, 'E'), ('Y', 232, 'V'), ('L', 234, 'I')]",15,Y,Y,/,R,S,C,/,/,D,F,S,/,F,F,L,H,/,E,V,I
